,week,Kecamatan,Jumlah_Kecelakaan
0,2022-00,KOTA JUANG,1
1,2022-01,BANDA SAKTI,1
2,2022-01,DEWANTARA,2
3,2022-01,JEUNIEB,3
4,2022-01,JULI,3
5,2022-01,KOTA JUANG,2
6,2022-01,KUALA,2
7,2022-01,KUTA BLANG,3
8,2022-01,PEUDADA,1
9,2022-01,PEULIMBANG,1
10,2022-01,PEUSANGAN,4
11,2022-01,PEUSANGAN SIBLAH KRUENG,1
12,2022-01,TANAH LUAS,2
13,2022-01,TIMANG GAJAH,2
14,2022-02,ATU LINTANG,1
15,2022-02,BAKTIYA,1
16,2022-02,BEBESEN,2
17,2022-02,DEWANTARA,6
18,2022-02,JEUNIEB,2
19,2022-02,JULI,1
20,2022-02,KOTA JUANG,1
21,2022-02,MAKMUR,2
22,2022-02,MUARA SATU,2
23,2022-02,PEUDADA,3
24,2022-02,SYAMTALIRA,3
25,2022-02,TANAH PASIR,2
26,2022-02,WIH PESAM,1
27,2022-03,BEBESEN,2
28,2022-03,JEUMPA,3
29,2022-03,JEUNIEB,1
30,2022-03,KOTA JUANG,4
31,2022-03,LHOKSUKON,4
32,2022-03,MUARA BATU,3
33,2022-03,MUARA DUA,4
34,2022-03,MUARA SATU,4
35,2022-03,PEUDADA,1
36,2022-03,PEULIMBANG,1
37,2022-03,SAWANG,4
38,2022-03,SEUNUDDON,1
39,2022-03,TANAH JAMBO AYE,2
40,2022-04,BLANG MANGAT,2
41,2022-04,DEWANTARA,4
42,2022-04,GANDAPURA,2
43,2022-04,JANGKA,1
44,2022-04,JEUMPA,5
45,2022-04,JEUNIEB,2
46,2022-04,JULI,2
47,2022-04,KEBAYAKAN,1
48,2022-04,LHOKSUKON,3
49,2022-04,PEUDADA,1
50,2022-04,PEUSANGAN,2
51,2022-04,SAWANG,4
52,2022-04,SYAMTALIRA ARON,2
53,2022-05,ATU LINTANG,2
54,2022-05,BAKTIYA BARAT,1
55,2022-05,BINTANG,2
56,2022-05,DEWANTARA,1
57,2022-05,GANDAPURA,1
58,2022-05,JANGKA,1
59,2022-05,JEUMPA,1
60,2022-05,JULI,2
61,2022-05,KOTA JUANG,5
62,2022-05,KUTA BLANG,3
63,2022-05,LHOKSUKON,1
64,2022-05,MUARA DUA,4
65,2022-05,MUARA SATU,2
66,2022-05,NISAM,3
67,2022-05,PEUSANGAN,1
68,2022-05,SIMPANG MAMPLAM,1
69,2022-06,BINTANG,2
70,2022-06,BLANG MANGAT,4
71,2022-06,BUKIT,1
72,2022-06,JEUMPA,3
73,2022-06,JEUNIEB,1
74,2022-06,KOTA JUANG,1
75,2022-06,MUARA BATU,2
76,2022-06,PEUDADA,1
77,2022-06,PEUSANGAN,2
78,2022-06,SAMALANGA,1
79,2022-06,SIMPANG MAMPLAM,1
80,2022-06,SYAMTALIRA ARON,3
81,2022-06,TANAH PASIR,3
82,2022-06,TIMANG GAJAH,1
83,2022-07,BANDA BARO,6
84,2022-07,BEBESEN,3
85,2022-07,KOTA JUANG,4
86,2022-07,PEUDADA,2
87,2022-07,PEUSANGAN,1
88,2022-07,SYAMTALIRA ARON,3
89,2022-08,BANDA SAKTI,1
90,2022-08,BLANG MANGAT,1
91,2022-08,KETOL,2
92,2022-08,KOTA JUANG,5
93,2022-08,MUARA BATU,4
94,2022-08,NISAM,3
95,2022-08,PEUDADA,2
96,2022-08,PEUSANGAN SELATAN,3
97,2022-08,SYAMTALIRA ARON,2
98,2022-09,BEBESEN,1
99,2022-09,BUKIT,1
100,2022-09,DEWANTARA,3
101,2022-09,JANGKA,2
102,2022-09,JEUNIEB,1
103,2022-09,JULI,1
104,2022-09,KOTA JUANG,2
105,2022-09,KUTA BLANG,2
106,2022-09,MUARA DUA,1
107,2022-09,NISAM,2
108,2022-09,PEUDADA,3
109,2022-09,PEULIMBANG,1
110,2022-09,SILIH NARA,1
111,2022-09,SYAMTALIRA ARON,1
112,2022-09,TANAH JAMBO AYE,2
113,2022-09,TANAH LUAS,1
114,2022-10,BAKTIYA,2
115,2022-10,BANDA SAKTI,1
116,2022-10,GANDAPURA,2
117,2022-10,JEUMPA,2
118,2022-10,JEUNIEB,2
119,2022-10,JULI,1
120,2022-10,KOTA JUANG,2
121,2022-10,LINGE,1
122,2022-10,MUARA DUA,5
123,2022-10,PANDRAH,2
124,2022-10,PEUSANGAN,2
125,2022-10,SIMPANG MAMPLAM,1
126,2022-10,SYAMTALIRA ARON,1
127,2022-10,WIH PESAM,2
128,2022-11,BAKTIYA,2
129,2022-11,BAKTIYA BARAT,3
130,2022-11,BANDA BARO,2
131,2022-11,BANDAR,2
132,2022-11,DEWANTARA,4
133,2022-11,GANDAPURA,1
134,2022-11,JEUMPA,2
135,2022-11,JULI,1
136,2022-11,KUTA BLANG,1
137,2022-11,LHOKSUKON,2
138,2022-11,PERMATA,1
139,2022-11,PEUSANGAN SIBLAH KRUENG,1
140,2022-11,SYAMTALIRA ARON,2
141,2022-11,SYAMTALIRA BAYU,3
142,2022-11,TANAH JAMBO AYE,2
143,2022-11,TANAH LUAS,2
144,2022-12,BAKTIYA BARAT,3
145,2022-12,BANDA SAKTI,1
146,2022-12,BIES,1
147,2022-12,DEWANTARA,2
148,2022-12,JEUMPA,5
149,2022-12,JEUNIEB,3
150,2022-12,KOTA JUANG,5
151,2022-12,KUALA,1
152,2022-12,LINGE,1
153,2022-12,PEUDADA,4
154,2022-12,PEUSANGAN,2
155,2022-12,SILIH NARA,1
156,2022-12,TIMANG GAJAH,1
157,2022-13,BAKTIYA BARAT,1
158,2022-13,BANDA SAKTI,7
159,2022-13,DEWANTARA,1
160,2022-13,GANDAPURA,1
161,2022-13,JANGKA,1
162,2022-13,JEUMPA,3
163,2022-13,JEUNIEB,3
164,2022-13,JULI,2
165,2022-13,KEBAYAKAN,2
166,2022-13,KUTA BLANG,3
167,2022-13,LHOKSUKON,2
168,2022-13,MAKMUR,1
169,2022-13,MUARA BATU,3
170,2022-13,MUARA DUA,3
171,2022-13,PEULIMBANG,1
172,2022-13,SIMPANG MAMPLAM,1
173,2022-13,SYAMTALIRA BAYU,4
174,2022-13,TANAH LUAS,1
175,2022-14,GANDAPURA,4
176,2022-14,JEUMPA,2
177,2022-14,JEUNIEB,4
178,2022-14,JULI,2
179,2022-14,KOTA JUANG,2
180,2022-14,KUTA BLANG,1
181,2022-14,LHOKSUKON,3
182,2022-14,MUARA SATU,4
183,2022-14,PEGASING,1
184,2022-14,PEUDADA,1
185,2022-14,PEUSANGAN SELATAN,1
186,2022-14,TANAH JAMBO AYE,1
187,2022-15,BAKTIYA,1
188,2022-15,BANDA SAKTI,2
189,2022-15,BANDAR,1
190,2022-15,DEWANTARA,1
191,2022-15,GANDAPURA,2
192,2022-15,JEUMPA,3
193,2022-15,KEBAYAKAN,2
194,2022-15,MUARA BATU,4
195,2022-15,PEUSANGAN,6
196,2022-15,PEUSANGAN SIBLAH KRUENG,1
197,2022-15,WIH PESAM,1
198,2022-16,ATU LINTANG,1
199,2022-16,BAKTIYA,2
200,2022-16,BAKTIYA BARAT,3
201,2022-16,BANDA SAKTI,1
202,2022-16,BANDAR,1
203,2022-16,BINTANG,1
204,2022-16,BLANG MANGAT,3
205,2022-16,JANGKA,1
206,2022-16,JEUNIEB,2
207,2022-16,JULI,2
208,2022-16,KOTA JUANG,4
209,2022-16,KUALA,2
210,2022-16,LANGKAHAN,2
211,2022-16,MUARA BATU,1
212,2022-16,PEGASING,1
213,2022-16,PEUDADA,7
214,2022-16,PEULIMBANG,1
215,2022-16,PEUSANGAN,8
216,2022-16,SILIH NARA,1
217,2022-16,SIMPANG MAMPLAM,1
218,2022-17,BLANG MANGAT,2
219,2022-17,DEWANTARA,4
220,2022-17,GANDAPURA,4
221,2022-17,JEUMPA,1
222,2022-17,KOTA JUANG,1
223,2022-17,KUTA BLANG,2
224,2022-17,MUARA DUA,1
225,2022-17,MUARA SATU,4
226,2022-17,PEUSANGAN,5
227,2022-17,PINTU RIME GAYO,1
228,2022-17,SAMUDERA,4
229,2022-17,SIMPANG MAMPLAM,4
230,2022-17,SYAMTALIRA ARON,6
231,2022-17,TIMANG GAJAH,1
232,2022-18,BAKTIYA,1
233,2022-18,DEWANTARA,1
234,2022-18,JANGKA,3
235,2022-18,JEUMPA,1
236,2022-18,JEUNIEB,1
237,2022-18,JULI,1
238,2022-18,KOTA JUANG,5
239,2022-18,KUALA,1
240,2022-18,LANGKAHAN,1
241,2022-18,LHOKSUKON,2
242,2022-18,MEURAH MULIA,2
243,2022-18,MUARA BATU,2
244,2022-18,PEUDADA,2
245,2022-18,PEULIMBANG,3
246,2022-18,PEUSANGAN,9
247,2022-18,PEUSANGAN SELATAN,2
248,2022-18,PINTU RIME GAYO,2
249,2022-18,SAMALANGA,3
250,2022-18,SILIH NARA,1
251,2022-18,SIMPANG MAMPLAM,6
252,2022-18,SYAMTALIRA ARON,6
253,2022-18,SYAMTALIRA BAYU,1
254,2022-18,TANAH PASIR,2
255,2022-19,BAKTIYA,3
256,2022-19,DEWANTARA,1
257,2022-19,JEUMPA,3
258,2022-19,JEUNIEB,1
259,2022-19,KOTA JUANG,7
260,2022-19,KUTA BLANG,3
261,2022-19,MAKMUR,1
262,2022-19,MUARA BATU,6
263,2022-19,MUARA SATU,4
264,2022-19,PEUDADA,1
265,2022-19,PEUSANGAN,6
266,2022-19,PEUSANGAN SIBLAH KRUENG,1
267,2022-19,PINTU RIME GAYO,2
268,2022-19,SAMALANGA,1
269,2022-19,SILIH NARA,3
270,2022-19,SIMPANG MAMPLAM,2
271,2022-20,DEWANTARA,9
272,2022-20,JAGONG JEGET,2
273,2022-20,JANGKA,2
274,2022-20,JULI,2
275,2022-20,KOTA JUANG,2
276,2022-20,KUALA,1
277,2022-20,LHOKSUKON,2
278,2022-20,MAKMUR,1
279,2022-20,MUARA DUA,2
280,2022-20,PEGASING,1
281,2022-20,PERMATA,1
282,2022-20,TANAH JAMBO AYE,1
283,2022-21,BAKTIYA,3
284,2022-21,BAKTIYA BARAT,2
285,2022-21,BEBESEN,1
286,2022-21,BUKIT,2
287,2022-21,DEWANTARA,3
288,2022-21,JEUMPA,4
289,2022-21,JEUNIEB,1
290,2022-21,JULI,2
291,2022-21,KOTA JUANG,3
292,2022-21,KUTA MAKMUR,4
293,2022-21,LHOKSUKON,2
294,2022-21,MUARA BATU,3
295,2022-21,NIBONG,1
296,2022-21,NISAM,4
297,2022-21,PEGASING,3
298,2022-21,PEUSANGAN,3
299,2022-21,PEUSANGAN SELATAN,1
300,2022-21,PINTU RIME GAYO,2
301,2022-21,SAMUDERA,1
302,2022-21,SILIH NARA,1
303,2022-21,SIMPANG MAMPLAM,3
304,2022-22,BANDA SAKTI,1
305,2022-22,BEBESEN,1
306,2022-22,JEUNIEB,1
307,2022-22,JULI,4
308,2022-22,KETOL,1
309,2022-22,KOTA JUANG,2
310,2022-22,KUALA,1
311,2022-22,MUARA SATU,3
312,2022-22,PANDRAH,2
313,2022-22,PEUSANGAN,14
314,2022-22,PEUSANGAN SELATAN,2
315,2022-23,BANDA BARO,3
316,2022-23,DEWANTARA,5
317,2022-23,JEUMPA,1
318,2022-23,JULI,7
319,2022-23,KUTA BLANG,2
320,2022-23,MAKMUR,1
321,2022-23,PEUSANGAN,4
322,2022-23,PINTU RIME GAYO,1
323,2022-23,SAMALANGA,4
324,2022-23,SYAMTALIRA ARON,3
325,2022-24,JEUMPA,2
326,2022-24,JEUNIEB,1
327,2022-24,JULI,2
328,2022-24,KOTA JUANG,3
329,2022-24,LHOKSUKON,1
330,2022-24,LUT TAWAR,1
331,2022-24,MUARA BATU,3
332,2022-24,PEGASING,3
333,2022-24,PEUDADA,4
334,2022-24,PEUSANGAN,6
335,2022-24,PEUSANGAN SIBLAH KRUENG,2
336,2022-24,SYAMTALIRA ARON,1
337,2022-25,BEBESEN,2
338,2022-25,JULI,2
339,2022-25,KUALA,1
340,2022-25,LANGKAHAN,4
341,2022-25,NIBONG,1
342,2022-25,PEUDADA,7
343,2022-25,SAWANG,4
344,2022-25,SIMPANG MAMPLAM,2
345,2022-25,SYAMTALIRA ARON,2
346,2022-26,BANDAR,2
347,2022-26,BEBESEN,2
348,2022-26,BLANG MANGAT,2
349,2022-26,GANDAPURA,1
350,2022-26,JEUMPA,3
351,2022-26,KOTA JUANG,2
352,2022-26,KUALA,2
353,2022-26,KUTA BLANG,2
354,2022-26,LANGKAHAN,4
355,2022-26,MUARA DUA,6
356,2022-26,MUARA SATU,4
357,2022-26,PEGASING,1
358,2022-26,PEUDADA,4
359,2022-26,PEUSANGAN SELATAN,1
360,2022-26,PEUSANGAN SIBLAH KRUENG,2
361,2022-27,BAKTIYA,2
362,2022-27,BAKTIYA BARAT,1
363,2022-27,BANDA SAKTI,1
364,2022-27,DEWANTARA,1
365,2022-27,JEUMPA,1
366,2022-27,KOTA JUANG,6
367,2022-27,KUTA BLANG,1
368,2022-27,LHOKSUKON,2
369,2022-27,MATANGKULI,1
370,2022-27,PANDRAH,2
371,2022-27,PEUDADA,1
372,2022-27,PINTU RIME GAYO,1
373,2022-27,SAMALANGA,2
374,2022-27,SYAMTALIRA ARON,2
375,2022-28,BINTANG,1
376,2022-28,BUKIT,1
377,2022-28,DEWANTARA,6
378,2022-28,JEUMPA,3
379,2022-28,JEUNIEB,5
380,2022-28,JULI,1
381,2022-28,KOTA JUANG,7
382,2022-28,KUALA,5
383,2022-28,LHOKSUKON,6
384,2022-28,MUARA BATU,1
385,2022-28,NISAM,2
386,2022-28,PEGASING,1
387,2022-28,PEUDADA,3
388,2022-28,PEUSANGAN,2
389,2022-28,SAMUDERA,4
390,2022-28,SEUNUDDON,3
391,2022-28,TANAH JAMBO AYE,2
392,2022-28,TANAH LUAS,1
393,2022-28,TIMANG GAJAH,1
394,2022-29,BAKTIYA,1
395,2022-29,BANDA SAKTI,2
396,2022-29,BINTANG,2
397,2022-29,DEWANTARA,3
398,2022-29,JULI,2
399,2022-29,KOTA JUANG,4
400,2022-29,LHOKSUKON,1
401,2022-29,LINGE,1
402,2022-29,MAKMUR,1
403,2022-29,MUARA DUA,3
404,2022-29,PANDRAH,1
405,2022-29,PEGASING,2
406,2022-29,PEUDADA,2
407,2022-29,PEUSANGAN,4
408,2022-29,SAWANG,3
409,2022-29,TANAH JAMBO AYE,2
410,2022-30,BANDA BARO,2
411,2022-30,BANDA SAKTI,3
412,2022-30,BLANG MANGAT,2
413,2022-30,BUKIT,1
414,2022-30,DEWANTARA,3
415,2022-30,JEUNIEB,4
416,2022-30,JULI,3
417,2022-30,KUALA,3
418,2022-30,KUTA BLANG,1
419,2022-30,PEUSANGAN,2
420,2022-30,SAMALANGA,1
421,2022-31,BEBESEN,1
422,2022-31,JEUMPA,2
423,2022-31,JEUNIEB,1
424,2022-31,JULI,2
425,2022-31,KEBAYAKAN,1
426,2022-31,KOTA JUANG,2
427,2022-31,KUTA BLANG,1
428,2022-31,LHOKSUKON,1
429,2022-31,NISAM ANTARA,3
430,2022-31,PEUSANGAN,2
431,2022-31,PEUSANGAN SELATAN,1
432,2022-32,BAKTIYA,2
433,2022-32,DEWANTARA,2
434,2022-32,GANDAPURA,3
435,2022-32,JANGKA,2
436,2022-32,JEUMPA,1
437,2022-32,KOTA JUANG,8
438,2022-32,MATANGKULI,1
439,2022-32,PANDRAH,1
440,2022-32,PEGASING,5
441,2022-32,PEUDADA,4
442,2022-32,PEUSANGAN,2
443,2022-32,PEUSANGAN SELATAN,2
444,2022-32,SAWANG,1
445,2022-33,BAKTIYA,1
446,2022-33,JEUMPA,4
447,2022-33,JULI,3
448,2022-33,KEBAYAKAN,3
449,2022-33,KUALA,2
450,2022-33,LHOKSUKON,2
451,2022-33,MUARA SATU,6
452,2022-33,SAMALANGA,1
453,2022-33,SAWANG,4
454,2022-33,SYAMTALIRA BAYU,4
455,2022-34,CELALA,2
456,2022-34,DEWANTARA,2
457,2022-34,GANDAPURA,2
458,2022-34,KOTA JUANG,1
459,2022-34,KUTA BLANG,6
460,2022-34,LHOKSUKON,2
461,2022-34,PEUDADA,3
462,2022-34,PEULIMBANG,2
463,2022-34,PEUSANGAN,2
464,2022-34,PEUSANGAN SIBLAH KRUENG,1
465,2022-34,SAWANG,5
466,2022-35,BEBESEN,3
467,2022-35,DEWANTARA,8
468,2022-35,GANDAPURA,2
469,2022-35,JEUNIEB,2
470,2022-35,KEBAYAKAN,2
471,2022-35,KUTA BLANG,3
472,2022-35,LHOKSUKON,1
473,2022-35,MAKMUR,3
474,2022-35,MUARA BATU,3
475,2022-35,NISAM,5
476,2022-35,PERMATA,2
477,2022-35,PEUDADA,2
478,2022-35,PEULIMBANG,5
479,2022-35,SIMPANG MAMPLAM,2
480,2022-35,TANAH LUAS,2
481,2022-36,BAKTIYA BARAT,4
482,2022-36,BLANG MANGAT,1
483,2022-36,JULI,1
484,2022-36,KUTA MAKMUR,2
485,2022-36,MUARA DUA,5
486,2022-36,MUARA SATU,2
487,2022-36,PEGASING,1
488,2022-36,PEUSANGAN,4
489,2022-36,RUSIP ANTARA,1
490,2022-36,TANAH JAMBO AYE,1
491,2022-36,TANAH LUAS,1
492,2022-37,BAKTIYA BARAT,2
493,2022-37,BLANG MANGAT,2
494,2022-37,DEWANTARA,2
495,2022-37,JEUMPA,3
496,2022-37,JEUNIEB,2
497,2022-37,JULI,3
498,2022-37,KOTA JUANG,1
499,2022-37,KUALA,1
500,2022-37,MATANGKULI,1
501,2022-37,PEGASING,1
502,2022-37,PEUDADA,1
503,2022-37,PEUSANGAN,1
504,2022-37,PEUSANGAN SIBLAH KRUENG,1
505,2022-37,SIMPANG KERAMAT,5
506,2022-38,BAKTIYA,1
507,2022-38,BEBESEN,1
508,2022-38,BLANG MANGAT,1
509,2022-38,CELALA,2
510,2022-38,JANGKA,1
511,2022-38,JEUMPA,2
512,2022-38,JEUNIEB,3
513,2022-38,KOTA JUANG,3
514,2022-38,LHOKSUKON,1
515,2022-38,MUARA DUA,5
516,2022-38,MUARA SATU,3
517,2022-38,NISAM ANTARA,1
518,2022-38,SAMALANGA,1
519,2022-38,SEUNUDDON,1
520,2022-39,GANDAPURA,2
521,2022-39,JEUMPA,1
522,2022-39,JEUNIEB,1
523,2022-39,JULI,4
524,2022-39,KOTA JUANG,2
525,2022-39,LHOKSUKON,1
526,2022-39,LINGE,1
527,2022-39,MUARA DUA,1
528,2022-39,MUARA SATU,2
529,2022-39,PEUDADA,2
530,2022-39,PEULIMBANG,2
531,2022-39,PEUSANGAN,1
532,2022-39,SAMUDERA,2
533,2022-39,SEUNUDDON,2
534,2022-39,SIMPANG MAMPLAM,2
535,2022-39,SYAMTALIRA ARON,2
536,2022-39,SYAMTALIRA BAYU,2
537,2022-39,TANAH LUAS,2
538,2022-40,BAKTIYA BARAT,2
539,2022-40,BANDA SAKTI,2
540,2022-40,BINTANG,1
541,2022-40,CELALA,1
542,2022-40,GANDAPURA,2
543,2022-40,JANGKA,2
544,2022-40,JEUMPA,1
545,2022-40,JULI,1
546,2022-40,KOTA JUANG,4
547,2022-40,KUTA BLANG,3
548,2022-40,NISAM,2
549,2022-40,PEGASING,1
550,2022-40,PEULIMBANG,3
551,2022-40,PEUSANGAN,4
552,2022-40,SAWANG,2
553,2022-40,SIMPANG MAMPLAM,1
554,2022-40,TIMANG GAJAH,1
555,2022-41,BAKTIYA BARAT,1
556,2022-41,BEBESEN,1
557,2022-41,GEUREDONG PASE,1
558,2022-41,GEUREUDONG PASEE,21
559,2022-41,JULI,1
560,2022-41,KOTA JUANG,4
561,2022-41,KUALA,1
562,2022-41,LHOKSUKON,3
563,2022-41,MAKMUR,1
564,2022-41,MUARA DUA,2
565,2022-41,PANDRAH,2
566,2022-41,PEGASING,1
567,2022-41,PEUDADA,4
568,2022-41,PEUSANGAN,4
569,2022-41,SAMUDERA,5
570,2022-41,SIMPANG MAMPLAM,2
571,2022-41,TANAH JAMBO AYE,1
572,2022-42,BANDA BARO,3
573,2022-42,BANDA SAKTI,2
574,2022-42,BEBESEN,4
575,2022-42,BLANG MANGAT,3
576,2022-42,BUKIT,1
577,2022-42,GANDAPURA,3
578,2022-42,JEUMPA,2
579,2022-42,JEUNIEB,1
580,2022-42,JULI,2
581,2022-42,KOTA JUANG,1
582,2022-42,KUTA BLANG,1
583,2022-42,LHOKSUKON,1
584,2022-42,LUT TAWAR,1
585,2022-42,MAKMUR,2
586,2022-42,MUARA DUA,2
587,2022-42,PEUDADA,3
588,2022-42,PEULIMBANG,2
589,2022-42,PEUSANGAN,5
590,2022-42,PINTU RIME GAYO,1
591,2022-42,SIMPANG MAMPLAM,2
592,2022-43,BANDA SAKTI,2
593,2022-43,BLANG MANGAT,1
594,2022-43,JANGKA,3
595,2022-43,JEUMPA,2
596,2022-43,KUTA BLANG,2
597,2022-43,LHOKSUKON,5
598,2022-43,MAKMUR,1
599,2022-43,MESIDAH,1
600,2022-43,MUARA BATU,3
601,2022-43,PEUSANGAN,2
602,2022-43,PEUSANGAN SELATAN,1
603,2022-43,SAMUDERA,3
604,2022-43,TANAH JAMBO AYE,2
605,2022-44,BLANG MANGAT,2
606,2022-44,BUKIT,1
607,2022-44,JEUNIEB,1
608,2022-44,JULI,2
609,2022-44,KUALA,2
610,2022-44,PEUDADA,1
611,2022-44,PEUSANGAN,3
612,2022-44,SAMALANGA,6
613,2022-44,SIMPANG MAMPLAM,1
614,2022-44,SYAMTALIRA ARON,2
615,2022-44,TANAH JAMBO AYE,2
616,2022-44,TANAH LUAS,7
617,2022-44,TIMANG GAJAH,2
618,2022-45,BANDA BARO,3
619,2022-45,BANDA SAKTI,2
620,2022-45,GANDAPURA,1
621,2022-45,JANGKA,1
622,2022-45,JEUMPA,3
623,2022-45,JEUNIEB,3
624,2022-45,JULI,2
625,2022-45,KUALA,1
626,2022-45,LHOKSUKON,6
627,2022-45,PEULIMBANG,1
628,2022-45,PEUSANGAN,4
629,2022-45,SAMUDERA,1
630,2022-45,TANAH JAMBO AYE,1
631,2022-46,DEWANTARA,3
632,2022-46,JEUMPA,2
633,2022-46,JEUNIEB,4
634,2022-46,JULI,5
635,2022-46,KOTA JUANG,1
636,2022-46,PEUSANGAN,2
637,2022-46,SAMUDERA,2
638,2022-46,SYAMTALIRA BAYU,1
639,2022-47,BLANG MANGAT,2
640,2022-47,DEWANTARA,3
641,2022-47,JEUMPA,3
642,2022-47,KEBAYAKAN,1
643,2022-47,KOTA JUANG,2
644,2022-47,KUTA MAKMUR,1
645,2022-47,PEUDADA,5
646,2022-47,PEUSANGAN SIBLAH KRUENG,2
647,2022-47,SIMPANG MAMPLAM,2
648,2022-48,BAKTIYA,1
649,2022-48,BEBESEN,1
650,2022-48,BLANG MANGAT,2
651,2022-48,DEWANTARA,2
652,2022-48,GAJAH PUTIH,2
653,2022-48,JEUMPA,3
654,2022-48,JULI,1
655,2022-48,KUTA BLANG,3
656,2022-48,KUTA MAKMUR,5
657,2022-48,MUARA BATU,3
658,2022-48,NISAM ANTARA,5
659,2022-48,PEGASING,1
660,2022-48,PEULIMBANG,4
661,2022-48,PEUSANGAN,1
662,2022-48,SIMPANG MAMPLAM,2
663,2022-49,BAKTIYA,2
664,2022-49,BANDA SAKTI,5
665,2022-49,BEBESEN,3
666,2022-49,BLANG MANGAT,3
667,2022-49,JANGKA,2
668,2022-49,JULI,2
669,2022-49,KOTA JUANG,2
670,2022-49,KUALA,2
671,2022-49,MUARA DUA,4
672,2022-49,NISAM,2
673,2022-49,PANDRAH,1
674,2022-49,PEUDADA,1
675,2022-49,PEUSANGAN SELATAN,1
676,2022-49,TANAH LUAS,2
677,2022-50,DEWANTARA,1
678,2022-50,JEUMPA,4
679,2022-50,KETOL,1
680,2022-50,KOTA JUANG,3
681,2022-50,KUTA BLANG,2
682,2022-50,MUARA DUA,3
683,2022-50,PANDRAH,2
684,2022-50,PEGASING,2
685,2022-50,PEULIMBANG,3
686,2022-50,PEUSANGAN,2
687,2022-50,SAMUDERA,1
688,2022-50,SIMPANG KERAMAT,4
689,2022-50,SIMPANG MAMPLAM,1
690,2022-51,BLANG MANGAT,4
691,2022-51,BUKIT,1
692,2022-51,GANDAPURA,1
693,2022-51,JEUNIEB,2
694,2022-51,KOTA JUANG,1
695,2022-51,KUALA,4
696,2022-51,LHOKSUKON,1
697,2022-51,MUARA BATU,3
698,2022-51,PANDRAH,1
699,2022-51,PEUDADA,5
700,2022-51,SAMALANGA,3
701,2022-51,SIMPANG MAMPLAM,5
702,2022-51,TANAH PASIR,2
703,2022-52,BAKTIYA,1
704,2022-52,BANDAR,1
705,2022-52,GANDAPURA,1
706,2022-52,JEUMPA,1
707,2022-52,JEUNIEB,1
708,2022-52,JULI,7
709,2022-52,KOTA JUANG,1
710,2022-52,MAKMUR,3
711,2022-52,MUARA BATU,3
712,2022-52,PEUDADA,2
713,2022-52,PEUSANGAN,5
714,2022-52,SIMPANG MAMPLAM,2
715,2022-52,TANAH JAMBO AYE,2
0,2023-01,BUKIT,2
1,2023-01,GANDAPURA,1
2,2023-01,JEUMPA,3
3,2023-01,JEUNIEB,6
4,2023-01,JULI,3
5,2023-01,KOTA JUANG,6
6,2023-01,KUALA,1
7,2023-01,KUTA BLANG,3
8,2023-01,LHOKSUKON,2
9,2023-01,MUARA DUA,3
10,2023-01,MUARA SATU,4
11,2023-01,NISAM,2
12,2023-01,PANDRAH,1
13,2023-01,PEUDADA,6
14,2023-01,PEULIMBANG,1
15,2023-01,PEUSANGAN,4
16,2023-01,SILIH NARA,2
17,2023-01,SIMPANG MAMPLAM,1
18,2023-01,SYAMTALIRA ARON,2
19,2023-02,BUKIT,2
20,2023-02,DEWANTARA,3
21,2023-02,GANDAPURA,2
22,2023-02,JANGKA,1
23,2023-02,JULI,5
24,2023-02,KOTA JUANG,4
25,2023-02,MAKMUR,1
26,2023-02,PEUSANGAN,5
27,2023-02,SYAMTALIRA ARON,1
28,2023-02,TANAH JAMBO AYE,2
29,2023-03,DEWANTARA,2
30,2023-03,GANDAPURA,1
31,2023-03,JEUMPA,3
32,2023-03,JEUNIEB,3
33,2023-03,KOTA JUANG,2
34,2023-03,LHOKSUKON,2
35,2023-03,MAKMUR,1
36,2023-03,MEURAH MULIA,2
37,2023-03,MUARA DUA,2
38,2023-03,PEUDADA,1
39,2023-03,PEUSANGAN,7
40,2023-03,TANAH PASIR,1
41,2023-04,BLANG MANGAT,5
42,2023-04,JULI,2
43,2023-04,KOTA JUANG,1
44,2023-04,KUTA BLANG,1
45,2023-04,LHOKSUKON,6
46,2023-04,MUARA BATU,2
47,2023-04,MUARA SATU,1
48,2023-04,PEUSANGAN,1
49,2023-05,BEBESEN,3
50,2023-05,GANDAPURA,1
51,2023-05,JULI,2
52,2023-05,KUALA,1
53,2023-05,KUTA BLANG,1
54,2023-05,LANGKAHAN,1
55,2023-05,MUARA BATU,4
56,2023-05,PEGASING,1
57,2023-05,PEUDADA,4
58,2023-05,PEULIMBANG,1
59,2023-05,PEUSANGAN,1
60,2023-05,PINTU RIME GAYO,1
61,2023-05,SIMPANG MAMPLAM,3
62,2023-05,SYAMTALIRA ARON,5
63,2023-05,SYAMTALIRA BAYU,2
64,2023-05,TANAH LUAS,1
65,2023-06,BAKTIYA,1
66,2023-06,BAKTIYA BARAT,1
67,2023-06,BANDA SAKTI,3
68,2023-06,BUKIT,1
69,2023-06,DEWANTARA,1
70,2023-06,JANGKA,1
71,2023-06,JEUMPA,2
72,2023-06,JEUNIEB,1
73,2023-06,KEBAYAKAN,1
74,2023-06,KOTA JUANG,4
75,2023-06,MATANGKULI,6
76,2023-06,MUARA SATU,3
77,2023-06,NISAM,2
78,2023-06,PANDRAH,1
79,2023-06,PEUSANGAN,3
80,2023-06,SYAMTALIRA ARON,6
81,2023-07,BUKIT,1
82,2023-07,CELALA,1
83,2023-07,JEUNIEB,5
84,2023-07,KOTA JUANG,3
85,2023-07,KUALA,1
86,2023-07,LHOKSUKON,1
87,2023-07,MUARA SATU,3
88,2023-07,PEUSANGAN,3
89,2023-07,TANAH JAMBO AYE,2
90,2023-07,TANAH LUAS,5
91,2023-08,BAKTIYA,1
92,2023-08,BLANG MANGAT,2
93,2023-08,BUKIT,1
94,2023-08,JEUNIEB,3
95,2023-08,JULI,4
96,2023-08,KOTA JUANG,3
97,2023-08,KUALA,4
98,2023-08,LHOKSUKON,4
99,2023-08,MAKMUR,1
100,2023-08,PEUSANGAN,4
101,2023-08,PEUSANGAN SELATAN,1
102,2023-08,SAWANG,1
103,2023-08,SEUNUDDON,1
104,2023-08,SIMPANG MAMPLAM,1
105,2023-08,SYAMTALIRA ARON,3
106,2023-09,BANDA SAKTI,2
107,2023-09,BANDAR,2
108,2023-09,BEBESEN,1
109,2023-09,BIES,1
110,2023-09,GANDAPURA,3
111,2023-09,JULI,2
112,2023-09,KUTA BLANG,2
113,2023-09,SIMPANG MAMPLAM,1
114,2023-09,TIMANG GAJAH,1
115,2023-10,BAKTIYA,3
116,2023-10,BAKTIYA BARAT,1
117,2023-10,BLANG MANGAT,4
118,2023-10,BUKIT,3
119,2023-10,DEWANTARA,1
120,2023-10,GANDAPURA,1
121,2023-10,JAGONG JEGET,1
122,2023-10,LHOKSUKON,6
123,2023-10,MAKMUR,1
124,2023-10,PEUDADA,1
125,2023-10,PEULIMBANG,1
126,2023-10,PEUSANGAN,2
127,2023-10,SIMPANG MAMPLAM,2
128,2023-10,TANAH JAMBO AYE,1
129,2023-10,WIH PESAM,1
130,2023-11,BAKTIYA,1
131,2023-11,BAKTIYA BARAT,3
132,2023-11,BLANG MANGAT,3
133,2023-11,CELALA,1
134,2023-11,DEWANTARA,3
135,2023-11,GANDAPURA,3
136,2023-11,JANGKA,1
137,2023-11,KOTA JUANG,3
138,2023-11,LANGKAHAN,2
139,2023-11,MAKMUR,1
140,2023-11,MUARA SATU,5
141,2023-11,NIBONG,1
142,2023-11,PEGASING,3
143,2023-11,PEUDADA,1
144,2023-11,PEULIMBANG,1
145,2023-11,SIMPANG MAMPLAM,4
146,2023-12,BANDA SAKTI,2
147,2023-12,BUKIT,1
148,2023-12,KOTA JUANG,1
149,2023-12,KUTA BLANG,1
150,2023-12,LHOKSUKON,6
151,2023-12,MAKMUR,2
152,2023-12,MUARA BATU,4
153,2023-12,NISAM,1
154,2023-12,PAYA BAKONG,2
155,2023-12,PEUDADA,1
156,2023-12,PEULIMBANG,1
157,2023-12,PEUSANGAN,2
158,2023-12,PEUSANGAN SELATAN,2
159,2023-12,SAMUDERA,4
160,2023-12,SYAMTALIRA ARON,2
161,2023-12,TANAH JAMBO AYE,2
162,2023-13,BIES,2
163,2023-13,DEWANTARA,2
164,2023-13,JULI,1
165,2023-13,KUTA BLANG,2
166,2023-13,KUTE PANANG,2
167,2023-13,LINGE,1
168,2023-13,MUARA SATU,5
169,2023-13,PANDRAH,1
170,2023-13,PEUSANGAN,1
171,2023-14,BAKTIYA BARAT,1
172,2023-14,BANDA BARO,2
173,2023-14,BANDA SAKTI,1
174,2023-14,BUKIT,1
175,2023-14,JANGKA,5
176,2023-14,JEUMPA,3
177,2023-14,KOTA JUANG,1
178,2023-14,KUALA,2
179,2023-14,LHOKSUKON,1
180,2023-14,MAKMUR,1
181,2023-14,MATANGKULI,3
182,2023-14,PEUDADA,1
183,2023-14,PEUSANGAN,6
184,2023-14,SEUNUDDON,4
185,2023-14,SYAMTALIRA ARON,1
186,2023-14,TANAH PASIR,1
187,2023-15,BAKTIYA,3
188,2023-15,BUKIT,1
189,2023-15,JEUMPA,1
190,2023-15,JEUNIEB,1
191,2023-15,JULI,2
192,2023-15,KOTA JUANG,2
193,2023-15,LHOKSUKON,11
194,2023-15,MAKMUR,1
195,2023-15,MATANGKULI,1
196,2023-15,MUARA DUA,2
197,2023-15,PANDRAH,1
198,2023-15,PEUDADA,2
199,2023-15,PEUSANGAN,3
200,2023-15,SIMPANG MAMPLAM,1
201,2023-15,SYAMTALIRA ARON,5
202,2023-15,WIH PESAM,1
203,2023-16,BEBESEN,1
204,2023-16,BUKIT,1
205,2023-16,JEUNIEB,5
206,2023-16,JULI,2
207,2023-16,KOTA JUANG,4
208,2023-16,LHOKSUKON,1
209,2023-16,MAKMUR,2
210,2023-16,MUARA SATU,1
211,2023-16,PEULIMBANG,2
212,2023-16,PEUSANGAN,5
213,2023-16,PEUSANGAN SIBLAH KRUENG,2
214,2023-16,SAMALANGA,1
215,2023-16,SYAMTALIRA ARON,4
216,2023-17,BAKTIYA,6
217,2023-17,BEBESEN,2
218,2023-17,BUKIT,1
219,2023-17,DEWANTARA,3
220,2023-17,GANDAPURA,6
221,2023-17,JEUMPA,2
222,2023-17,JULI,2
223,2023-17,KOTA JUANG,1
224,2023-17,KUTA BLANG,1
225,2023-17,LHOKSUKON,2
226,2023-17,MUARA DUA,1
227,2023-17,MUARA SATU,3
228,2023-17,PEUDADA,2
229,2023-17,PEUSANGAN,3
230,2023-17,PEUSANGAN SELATAN,1
231,2023-17,PEUSANGAN SIBLAH KRUENG,1
232,2023-17,SAWANG,2
233,2023-17,SEUNUDDON,3
234,2023-17,SIMPANG MAMPLAM,5
235,2023-17,TANAH PASIR,3
236,2023-17,WIH PESAM,1
237,2023-18,BEBESEN,1
238,2023-18,BUKIT,4
239,2023-18,JEUMPA,2
240,2023-18,JEUNIEB,2
241,2023-18,JULI,6
242,2023-18,KOTA JUANG,5
243,2023-18,MAKMUR,2
244,2023-18,MUARA BATU,2
245,2023-18,MUARA SATU,1
246,2023-18,PEUDADA,3
247,2023-18,SAMUDERA,3
248,2023-18,SILIH NARA,1
249,2023-18,SIMPANG MAMPLAM,1
250,2023-19,BAKTIYA,2
251,2023-19,BANDA SAKTI,3
252,2023-19,JULI,1
253,2023-19,KOTA JUANG,2
254,2023-19,PEGASING,3
255,2023-19,SAMALANGA,2
256,2023-19,SAWANG,3
257,2023-20,BANDA BARO,1
258,2023-20,BANDAR,1
259,2023-20,BUKIT,1
260,2023-20,JEUMPA,3
261,2023-20,JULI,1
262,2023-20,MUARA BATU,2
263,2023-20,PEUDADA,2
264,2023-20,PEUSANGAN,2
265,2023-20,SAMUDERA,2
266,2023-20,SYAMTALIRA ARON,4
267,2023-20,TANAH LUAS,2
268,2023-21,BLANG MANGAT,2
269,2023-21,JEUMPA,2
270,2023-21,JEUNIEB,2
271,2023-21,KOTA JUANG,1
272,2023-21,KUALA,2
273,2023-21,KUTA BLANG,3
274,2023-21,LHOKSUKON,1
275,2023-21,MAKMUR,1
276,2023-21,MUARA BATU,2
277,2023-21,MUARA DUA,2
278,2023-21,PEUSANGAN,4
279,2023-21,SAMALANGA,1
280,2023-21,SYAMTALIRA BAYU,3
281,2023-22,JULI,1
282,2023-22,KOTA JUANG,1
283,2023-22,KUTA BLANG,1
284,2023-22,PEUSANGAN,4
285,2023-22,SIMPANG MAMPLAM,1
286,2023-23,BEBESEN,1
287,2023-23,GANDAPURA,3
288,2023-23,JEUMPA,1
289,2023-23,JEUNIEB,1
290,2023-23,KOTA JUANG,4
291,2023-23,KUTA BLANG,2
292,2023-23,LHOKSUKON,7
293,2023-23,MUARA SATU,2
294,2023-23,NIBONG,1
295,2023-23,PEUDADA,2
296,2023-23,PEUSANGAN,2
297,2023-23,SAMALANGA,1
298,2023-23,SAMUDERA,2
299,2023-23,SYAMTALIRA ARON,5
300,2023-24,BIES,2
301,2023-24,JEUMPA,8
302,2023-24,JULI,2
303,2023-24,KUTA BLANG,3
304,2023-24,MUARA DUA,6
305,2023-24,PERMATA,1
306,2023-24,PEUDADA,3
307,2023-24,PEULIMBANG,2
308,2023-24,PEUSANGAN,1
309,2023-24,SIMPANG MAMPLAM,1
310,2023-24,SYAMTALIRA ARON,2
311,2023-25,BANDA SAKTI,3
312,2023-25,BANDAR,1
313,2023-25,BEBESEN,3
314,2023-25,BUKIT,1
315,2023-25,GANDAPURA,1
316,2023-25,JANGKA,2
317,2023-25,JEUMPA,1
318,2023-25,JEUNIEB,3
319,2023-25,KEBAYAKAN,1
320,2023-25,KOTA JUANG,3
321,2023-25,KUTA BLANG,1
322,2023-25,MAKMUR,1
323,2023-25,MUARA BATU,2
324,2023-25,PEUDADA,2
325,2023-25,PEUSANGAN,2
326,2023-25,SAMALANGA,2
327,2023-25,SAMUDERA,2
328,2023-25,SIMPANG MAMPLAM,2
329,2023-25,TANAH JAMBO AYE,4
330,2023-26,BAKTIYA BARAT,2
331,2023-26,BANDA BARO,1
332,2023-26,BLANG MANGAT,3
333,2023-26,JANGKA,1
334,2023-26,JEUMPA,2
335,2023-26,KOTA JUANG,2
336,2023-26,MUARA DUA,1
337,2023-26,PAYA BAKONG,1
338,2023-26,PEUDADA,2
339,2023-26,PEUSANGAN,4
340,2023-26,SAMUDERA,1
341,2023-26,SEUNUDDON,5
342,2023-26,SIMPANG MAMPLAM,1
343,2023-26,SYAMTALIRA ARON,1
344,2023-27,BANDA SAKTI,1
345,2023-27,DEWANTARA,2
346,2023-27,JEUNIEB,1
347,2023-27,JULI,6
348,2023-27,KOTA JUANG,1
349,2023-27,KUALA,2
350,2023-27,KUTA BLANG,2
351,2023-27,MUARA BATU,3
352,2023-27,MUARA DUA,1
353,2023-27,MUARA SATU,3
354,2023-27,PANDRAH,1
355,2023-27,PEULIMBANG,4
356,2023-27,PEUSANGAN,5
357,2023-27,SIMPANG MAMPLAM,2
358,2023-28,BANDA SAKTI,3
359,2023-28,GANDAPURA,1
360,2023-28,JANGKA,3
361,2023-28,JEUMPA,1
362,2023-28,KUTA BLANG,2
363,2023-28,PEGASING,1
364,2023-28,PEUDADA,2
365,2023-28,PEULIMBANG,1
366,2023-28,PEUSANGAN,6
367,2023-28,SAMALANGA,2
368,2023-29,BAKTIYA,3
369,2023-29,BAKTIYA BARAT,5
370,2023-29,BEBESEN,1
371,2023-29,BUKIT,1
372,2023-29,DEWANTARA,3
373,2023-29,JANGKA,1
374,2023-29,JEUMPA,3
375,2023-29,JEUNIEB,2
376,2023-29,JULI,1
377,2023-29,LHOKSUKON,1
378,2023-29,MUARA BATU,3
379,2023-29,NISAM,2
380,2023-29,PANDRAH,2
381,2023-29,PEULIMBANG,2
382,2023-29,PEUSANGAN,1
383,2023-29,SAMALANGA,1
384,2023-29,SIMPANG MAMPLAM,3
385,2023-29,SYAMTALIRA BAYU,2
386,2023-29,WIH PESAM,3
387,2023-30,GANDAPURA,4
388,2023-30,JEUMPA,3
389,2023-30,JEUNIEB,1
390,2023-30,JULI,1
391,2023-30,KOTA JUANG,1
392,2023-30,PEGASING,2
393,2023-30,PEUDADA,2
394,2023-30,PEUSANGAN,4
395,2023-30,SAMALANGA,3
396,2023-30,SAMUDERA,3
397,2023-30,SYAMTALIRA BAYU,3
398,2023-30,TANAH LUAS,3
399,2023-31,BANDAR,1
400,2023-31,BEBESEN,1
401,2023-31,JULI,1
402,2023-31,KEBAYAKAN,1
403,2023-31,KOTA JUANG,9
404,2023-31,KUALA,1
405,2023-31,NISAM ANTARA,3
406,2023-31,PEUSANGAN,4
407,2023-31,SAMUDERA,1
408,2023-31,SIMPANG MAMPLAM,1
409,2023-32,BAKTIYA,1
410,2023-32,KOTA JUANG,7
411,2023-32,KUTA BLANG,5
412,2023-32,MAKMUR,1
413,2023-32,MUARA BATU,3
414,2023-32,MUARA SATU,8
415,2023-32,PANDRAH,3
416,2023-32,PEUSANGAN,3
417,2023-32,SAMALANGA,1
418,2023-33,JEUMPA,2
419,2023-33,JULI,4
420,2023-33,KUALA,2
421,2023-33,KUTA MAKMUR,2
422,2023-33,LUT TAWAR,1
423,2023-33,PEULIMBANG,1
424,2023-33,PINTU RIME GAYO,5
425,2023-33,SAWANG,3
426,2023-33,SIMPANG MAMPLAM,1
427,2023-33,TANAH JAMBO AYE,3
428,2023-34,BAKTIYA BARAT,1
429,2023-34,BLANG MANGAT,1
430,2023-34,JEUMPA,3
431,2023-34,JULI,5
432,2023-34,KUTA MAKMUR,1
433,2023-34,MUARA DUA,10
434,2023-34,PEUDADA,3
435,2023-34,PINTU RIME GAYO,2
436,2023-34,SAMUDERA,3
437,2023-34,WIH PESAM,1
438,2023-35,BEBESEN,2
439,2023-35,BUKIT,1
440,2023-35,GANDAPURA,2
441,2023-35,JEUNIEB,2
442,2023-35,JULI,5
443,2023-35,KOTA JUANG,1
444,2023-35,KUTA BLANG,1
445,2023-35,MUARA BATU,3
446,2023-35,PEUDADA,3
447,2023-35,PEUSANGAN,5
448,2023-35,SYAMTALIRA ARON,1
449,2023-36,BINTANG,3
450,2023-36,BUKIT,2
451,2023-36,MUARA DUA,3
452,2023-36,PEUDADA,2
453,2023-36,PEULIMBANG,5
454,2023-36,PEUSANGAN,2
455,2023-36,SAMALANGA,1
456,2023-36,SAWANG,3
457,2023-36,SYAMTALIRA ARON,2
458,2023-37,JULI,2
459,2023-37,KOTA JUANG,2
460,2023-37,KUTA BLANG,5
461,2023-37,PEULIMBANG,1
462,2023-37,SYAMTALIRA BAYU,3
463,2023-37,TANAH LUAS,1
464,2023-38,BANDA SAKTI,3
465,2023-38,GANDAPURA,3
466,2023-38,JANGKA,2
467,2023-38,LHOKSUKON,4
468,2023-38,PEUSANGAN,4
469,2023-38,SIMPANG MAMPLAM,2
470,2023-38,WIH PESAM,1
471,2023-39,DEWANTARA,3
472,2023-39,GANDAPURA,1
473,2023-39,KOTA JUANG,7
474,2023-39,KUTA BLANG,5
475,2023-39,MUARA BATU,4
476,2023-39,PEUDADA,5
477,2023-39,TANAH JAMBO AYE,2
478,2023-40,BAKTIYA,1
479,2023-40,BANDA BARO,1
480,2023-40,BENER KELIPAH,1
481,2023-40,BLANG MANGAT,3
482,2023-40,DEWANTARA,2
483,2023-40,JANGKA,1
484,2023-40,JULI,3
485,2023-40,KUALA,1
486,2023-40,KUTA BLANG,2
487,2023-40,MUARA DUA,1
488,2023-40,MUARA SATU,3
489,2023-40,NISAM,5
490,2023-40,NISAM ANTARA,1
491,2023-40,PEGASING,7
492,2023-40,PEULIMBANG,2
493,2023-40,PEUSANGAN SIBLAH KRUENG,2
494,2023-40,SAMALANGA,1
495,2023-40,SAMUDERA,2
496,2023-40,SAWANG,2
497,2023-41,DEWANTARA,6
498,2023-41,JEUMPA,2
499,2023-41,LHOKSUKON,4
500,2023-41,MUARA SATU,1
501,2023-41,NISAM,1
502,2023-41,PEGASING,1
503,2023-41,PEUDADA,1
504,2023-42,BANDA SAKTI,3
505,2023-42,BLANG MANGAT,2
506,2023-42,GANDAPURA,1
507,2023-42,JANGKA,1
508,2023-42,KOTA JUANG,3
509,2023-42,MUARA BATU,2
510,2023-42,PEUSANGAN,4
511,2023-42,SILIH NARA,1
512,2023-43,DEWANTARA,2
513,2023-43,JEUMPA,2
514,2023-43,JEUNIEB,2
515,2023-43,KEBAYAKAN,2
516,2023-43,KUTA MAKMUR,6
517,2023-43,PEUDADA,1
518,2023-43,PEUSANGAN,3
519,2023-43,TIMANG GAJAH,3
520,2023-44,BAKTIYA BARAT,1
521,2023-44,BANDA BARO,3
522,2023-44,JEUMPA,1
523,2023-44,JULI,2
524,2023-44,KOTA JUANG,3
525,2023-44,MUARA DUA,2
526,2023-44,PEUSANGAN,1
527,2023-44,RUSIP ANTARA,1
528,2023-44,SAWANG,3
529,2023-44,SIMPANG MAMPLAM,3
530,2023-45,BAKTIYA,2
531,2023-45,DEWANTARA,1
532,2023-45,JEUNIEB,1
533,2023-45,MATANGKULI,1
534,2023-45,MUARA BATU,3
535,2023-45,MUARA DUA,2
536,2023-45,MUARA SATU,1
537,2023-45,PEGASING,1
538,2023-45,PEUSANGAN,2
539,2023-45,SEUNUDDON,3
540,2023-45,SIMPANG MAMPLAM,1
541,2023-45,SYAMTALIRA BAYU,2
542,2023-45,TANAH JAMBO AYE,4
543,2023-46,BAKTIYA,1
544,2023-46,DEWANTARA,6
545,2023-46,JEUNIEB,2
546,2023-46,KEBAYAKAN,1
547,2023-46,KOTA JUANG,5
548,2023-46,LHOKSUKON,3
549,2023-46,MUARA DUA,8
550,2023-46,PEULIMBANG,3
551,2023-46,PEUSANGAN,4
552,2023-46,PIRAK TIMUR,2
553,2023-46,SAMALANGA,1
554,2023-46,SYAMTALIRA ARON,1
555,2023-47,GANDAPURA,3
556,2023-47,JEUMPA,2
557,2023-47,JULI,1
558,2023-47,KOTA JUANG,1
559,2023-47,MUARA BATU,1
560,2023-47,MUARA DUA,1
561,2023-47,PEUDADA,2
562,2023-47,PEULIMBANG,2
563,2023-47,PEUSANGAN,5
564,2023-47,TANAH JAMBO AYE,1
565,2023-48,BUKIT,3
566,2023-48,JEUNIEB,1
567,2023-48,JULI,3
568,2023-48,LANGKAHAN,1
569,2023-48,LHOKSUKON,1
570,2023-48,MUARA DUA,2
571,2023-48,PEUSANGAN SIBLAH KRUENG,1
572,2023-48,WIH PESAM,1
573,2023-49,BAKTIYA,3
574,2023-49,BAKTIYA BARAT,4
575,2023-49,BANDA SAKTI,4
576,2023-49,BINTANG,1
577,2023-49,BLANG MANGAT,1
578,2023-49,JANGKA,1
579,2023-49,JEUNIEB,4
580,2023-49,JULI,1
581,2023-49,KUALA,1
582,2023-49,LHOKSUKON,5
583,2023-49,MUARA SATU,6
584,2023-49,NISAM ANTARA,1
585,2023-49,PEUSANGAN,4
586,2023-49,SAMUDERA,3
587,2023-49,SILIH NARA,2
588,2023-49,SYAMTALIRA ARON,5
589,2023-50,BAKTIYA,1
590,2023-50,BAKTIYA BARAT,3
591,2023-50,DEWANTARA,2
592,2023-50,JEUMPA,1
593,2023-50,KOTA JUANG,2
594,2023-50,KUTA BLANG,2
595,2023-50,LHOKSUKON,1
596,2023-50,PEUSANGAN SELATAN,3
597,2023-50,RUSIP ANTARA,1
598,2023-50,SAMALANGA,3
599,2023-50,SIMPANG MAMPLAM,3
600,2023-51,BANDA BARO,4
601,2023-51,BANDA SAKTI,2
602,2023-51,BLANG MANGAT,4
603,2023-51,JANGKA,1
604,2023-51,JEUMPA,2
605,2023-51,JEUNIEB,1
606,2023-51,LHOKSUKON,1
607,2023-51,MUARA BATU,3
608,2023-51,PEUDADA,1
609,2023-51,PEULIMBANG,2
610,2023-51,PEUSANGAN,2
611,2023-51,SAWANG,2
612,2023-51,SIMPANG MAMPLAM,2
613,2023-51,TANAH LUAS,3
614,2023-52,DEWANTARA,2
615,2023-52,GANDAPURA,2
616,2023-52,KOTA JUANG,5
617,2023-52,MUARA BATU,3
618,2023-52,NIBONG,2
619,2023-52,NISAM,4
620,2023-52,PEULIMBANG,1
621,2023-52,PEUSANGAN,2
622,2023-52,SIMPANG MAMPLAM,2
1,2024-00,BAKTIYA,2
2,2024-00,BANDA SAKTI,4
3,2024-00,BANDAR,2
4,2024-00,BUKIT,2
5,2024-00,JEUMPA,2
6,2024-00,JULI,3
7,2024-00,KEBAYAKAN,2
8,2024-00,KOTA JUANG,2
9,2024-00,LHOKSUKON,2
10,2024-00,MAKMUR,1
11,2024-00,SIMPANG KERAMAT,1
12,2024-00,SIMPANG MAMPLAM,5
13,2024-01,BAKTIYA BARAT,1
14,2024-01,BIES,13
15,2024-01,JEUMPA,1
16,2024-01,JULI,2
17,2024-01,KOTA JUANG,3
18,2024-01,KUALA,4
19,2024-01,KUTA BLANG,1
20,2024-01,KUTA MAKMUR,1
21,2024-01,LHOKSUKON,2
22,2024-01,LUT TAWAR,2
23,2024-01,MUARA BATU,4
24,2024-01,NISAM,1
25,2024-01,PEGASING,5
26,2024-01,PEUDADA,1
27,2024-01,PEUSANGAN,5
28,2024-01,TANAH PASIR,1
29,2024-02,BAKTIYA,1
30,2024-02,GANDAPURA,2
31,2024-02,JULI,1
32,2024-02,KEBAYAKAN,1
33,2024-02,KUTA BLANG,2
34,2024-02,LHOKSUKON,1
35,2024-02,NISAM ANTARA,2
36,2024-02,PEUDADA,2
37,2024-02,WIH PESAM,1
38,2024-03,BAKTIYA BARAT,2
39,2024-03,BANDA SAKTI,3
40,2024-03,BEBESEN,2
41,2024-03,DEWANTARA,7
42,2024-03,JEUMPA,1
43,2024-03,KOTA JUANG,5
44,2024-03,KUALA,2
45,2024-03,PEUSANGAN,3
46,2024-03,SEUNUDDON,1
47,2024-03,TIMANG GAJAH,1
48,2024-03,WIH PESAM,2
49,2024-04,BAKTIYA,2
50,2024-04,BANDA SAKTI,5
51,2024-04,JANGKA,3
52,2024-04,JULI,2
53,2024-04,KEBAYAKAN,1
54,2024-04,KOTA JUANG,1
55,2024-04,LANGKAHAN,2
56,2024-04,LHOKSUKON,4
57,2024-04,LUT TAWAR,1
58,2024-04,MUARA SATU,1
59,2024-04,PANDRAH,1
60,2024-04,PEULIMBANG,3
61,2024-04,PEUSANGAN,3
62,2024-04,TANAH JAMBO AYE,1
63,2024-05,BANDA SAKTI,10
64,2024-05,BEBESEN,1
65,2024-05,BUKIT,2
66,2024-05,KEBAYAKAN,1
67,2024-05,KOTA JUANG,1
68,2024-05,LAPANG,1
69,2024-05,MUARA BATU,2
70,2024-05,NISAM ANTARA,1
71,2024-05,PEUDADA,2
72,2024-05,PEUSANGAN,1
73,2024-05,SAWANG,1
74,2024-06,BAKTIYA,1
75,2024-06,DEWANTARA,2
76,2024-06,JEUNIEB,2
77,2024-06,JULI,2
78,2024-06,MUARA BATU,5
79,2024-06,MUARA DUA,3
80,2024-06,MUARA SATU,3
81,2024-06,PEUDADA,4
82,2024-06,PEUSANGAN,2
83,2024-06,SIMPANG MAMPLAM,2
84,2024-07,BAKTIYA,1
85,2024-07,BANDAR,2
86,2024-07,JEUMPA,1
87,2024-07,MUARA BATU,6
88,2024-07,MUARA DUA,3
89,2024-07,MUARA SATU,2
90,2024-07,NISAM,3
91,2024-07,PEGASING,2
92,2024-07,PEULIMBANG,1
93,2024-07,PEUSANGAN,1
94,2024-07,SYAMTALIRA BAYU,2
95,2024-07,TANAH JAMBO AYE,1
96,2024-08,BEBESEN,2
97,2024-08,BUKIT,2
98,2024-08,DEWANTARA,2
99,2024-08,GANDAPURA,2
100,2024-08,JEUMPA,2
101,2024-08,KEBAYAKAN,1
102,2024-08,LHOKSUKON,4
103,2024-08,PEGASING,2
104,2024-08,PEUDADA,3
105,2024-08,SAMALANGA,1
106,2024-08,SYAMTALIRA BAYU,1
107,2024-08,TIMANG GAJAH,1
108,2024-09,BAKTIYA,1
109,2024-09,BANDA SAKTI,2
110,2024-09,BEBESEN,2
111,2024-09,BIES,2
112,2024-09,DEWANTARA,1
113,2024-09,GANDAPURA,5
114,2024-09,KETOL,1
115,2024-09,MAKMUR,2
116,2024-09,MEURAH MULIA,1
117,2024-09,MUARA BATU,3
118,2024-09,MUARA DUA,2
119,2024-09,PEUDADA,3
120,2024-09,PEULIMBANG,2
121,2024-09,PEUSANGAN,1
122,2024-09,SAWANG,3
123,2024-09,TANAH LUAS,4
124,2024-10,BANDA SAKTI,1
125,2024-10,BIES,2
126,2024-10,KOTA JUANG,1
127,2024-10,KUTA BLANG,2
128,2024-10,LHOKSUKON,5
129,2024-10,MUARA DUA,3
130,2024-10,PEUSANGAN,3
131,2024-10,SYAMTALIRA ARON,4
132,2024-10,TANAH JAMBO AYE,1
133,2024-11,BEBESEN,1
134,2024-11,JEUMPA,3
135,2024-11,KEBAYAKAN,5
136,2024-11,KUTA MAKMUR,3
137,2024-11,LUT TAWAR,1
138,2024-11,PEUDADA,1
139,2024-11,PEUSANGAN SELATAN,2
140,2024-11,SAMALANGA,1
141,2024-11,TANAH JAMBO AYE,2
142,2024-12,BANDA SAKTI,4
143,2024-12,BLANG MANGAT,1
144,2024-12,DEWANTARA,2
145,2024-12,JEUMPA,2
146,2024-12,JEUNIEB,1
147,2024-12,KUTA BLANG,2
148,2024-12,LUT TAWAR,1
149,2024-12,MEURAH MULIA,2
150,2024-12,MUARA DUA,2
151,2024-12,PAYA BAKONG,1
152,2024-12,PEGASING,1
153,2024-12,PINTU RIME GAYO,1
154,2024-12,SAMALANGA,2
155,2024-12,SAWANG,2
156,2024-12,SYAMTALIRA ARON,4
157,2024-13,BAKTIYA,2
158,2024-13,BAKTIYA BARAT,2
159,2024-13,BLANG MANGAT,1
160,2024-13,BUKIT,1
161,2024-13,JULI,2
162,2024-13,KEBAYAKAN,1
163,2024-13,KOTA JUANG,2
164,2024-13,KUTA BLANG,3
165,2024-13,MUARA BATU,2
166,2024-13,MUARA SATU,1
167,2024-13,PEUDADA,1
168,2024-13,PEUSANGAN,2
169,2024-13,SAMUDERA,1
170,2024-13,SIMPANG MAMPLAM,2
171,2024-13,TANAH LUAS,4
172,2024-13,WIH PESAM,1
173,2024-14,BAKTIYA,2
174,2024-14,BEBESEN,1
175,2024-14,GANDAPURA,2
176,2024-14,JAGONG JEGET,2
177,2024-14,JEUMPA,4
178,2024-14,JULI,1
179,2024-14,KUTA BLANG,1
180,2024-14,LANGKAHAN,1
181,2024-14,LHOKSUKON,1
182,2024-14,MUARA BATU,3
183,2024-14,MUARA DUA,1
184,2024-14,MUARA SATU,1
185,2024-14,PEUSANGAN,2
186,2024-14,PEUSANGAN SELATAN,3
187,2024-14,SAMALANGA,1
188,2024-14,TIMANG GAJAH,1
189,2024-15,BINTANG,1
190,2024-15,DEWANTARA,4
191,2024-15,JEUMPA,2
192,2024-15,JULI,1
193,2024-15,KEBAYAKAN,1
194,2024-15,KETOL,2
195,2024-15,KOTA JUANG,6
196,2024-15,KUTA BLANG,3
197,2024-15,LHOKSUKON,5
198,2024-15,LUT TAWAR,2
199,2024-15,MUARA BATU,20
200,2024-15,MUARA DUA,3
201,2024-15,PEUDADA,2
202,2024-15,SAMUDERA,2
203,2024-15,SILIH NARA,1
204,2024-15,WIH PESAM,1
205,2024-16,BAKTIYA,1
206,2024-16,BANDA BARO,1
207,2024-16,BEBESEN,1
208,2024-16,GANDAPURA,2
209,2024-16,KETOL,1
210,2024-16,KUTA BLANG,2
211,2024-16,KUTA MAKMUR,3
212,2024-16,LANGKAHAN,1
213,2024-16,MAKMUR,1
214,2024-16,PEUDADA,1
215,2024-16,SAMUDERA,3
216,2024-16,SILIH NARA,1
217,2024-17,DEWANTARA,2
218,2024-17,JEUMPA,2
219,2024-17,JULI,2
220,2024-17,KOTA JUANG,4
221,2024-17,PEUDADA,3
222,2024-17,PEUSANGAN,1
223,2024-17,SAMALANGA,2
224,2024-17,SAMUDERA,2
225,2024-17,SEUNUDDON,4
226,2024-17,SYAMTALIRA ARON,2
227,2024-17,WIH PESAM,1
228,2024-18,BAKTIYA,4
229,2024-18,JEUNIEB,1
230,2024-18,JULI,3
231,2024-18,KUTA BLANG,1
232,2024-18,LHOKSUKON,1
233,2024-18,PANDRAH,1
234,2024-18,PEUDADA,2
235,2024-18,PEULIMBANG,1
236,2024-18,PINTU RIME GAYO,1
237,2024-18,SIMPANG MAMPLAM,1
238,2024-18,SYAMTALIRA ARON,3
239,2024-18,TANAH JAMBO AYE,2
240,2024-19,BAKTIYA,2
241,2024-19,BANDA SAKTI,2
242,2024-19,BLANG MANGAT,3
243,2024-19,DEWANTARA,4
244,2024-19,KOTA JUANG,1
245,2024-19,LHOKSUKON,1
246,2024-19,MUARA SATU,1
247,2024-19,PEUDADA,1
248,2024-19,PEUSANGAN,2
249,2024-19,PINTU RIME GAYO,1
250,2024-19,RUSIP ANTARA,1
251,2024-19,SILIH NARA,1
252,2024-19,SIMPANG MAMPLAM,1
253,2024-19,SYAMTALIRA ARON,1
254,2024-20,GANDAPURA,1
255,2024-20,JEUMPA,1
256,2024-20,JULI,3
257,2024-20,LHOKSUKON,5
258,2024-20,PAYA BAKONG,1
259,2024-20,PEUSANGAN,3
260,2024-20,SAMALANGA,2
261,2024-20,SYAMTALIRA BAYU,4
262,2024-21,BAKTIYA,2
263,2024-21,BAKTIYA BARAT,1
264,2024-21,GAJAH PUTIH,1
265,2024-21,GANDAPURA,2
266,2024-21,JEUMPA,1
267,2024-21,JEUNIEB,3
268,2024-21,KEBAYAKAN,4
269,2024-21,KOTA JUANG,3
270,2024-21,KUTA BLANG,2
271,2024-21,LHOKSUKON,4
272,2024-21,MUARA BATU,3
273,2024-21,MUARA DUA,12
274,2024-21,PEUSANGAN,2
275,2024-21,SAMUDERA,4
276,2024-21,SAWANG,5
277,2024-21,SILIH NARA,1
278,2024-21,TANAH LUAS,3
279,2024-22,BIES,1
280,2024-22,JULI,2
281,2024-22,KOTA JUANG,2
282,2024-22,KUALA,1
283,2024-22,KUTA BLANG,1
284,2024-22,MUARA SATU,2
285,2024-22,PEGASING,3
286,2024-22,PEUDADA,2
287,2024-22,PEUSANGAN,1
288,2024-22,SAMALANGA,1
289,2024-23,BAKTIYA,1
290,2024-23,GANDAPURA,2
291,2024-23,JANGKA,2
292,2024-23,JULI,4
293,2024-23,KOTA JUANG,2
294,2024-23,KUTA BLANG,1
295,2024-23,MUARA BATU,1
296,2024-23,NISAM,2
297,2024-23,PANDRAH,1
298,2024-23,PERMATA,1
299,2024-23,PEUDADA,2
300,2024-23,PEUSANGAN,4
301,2024-23,PEUSANGAN SIBLAH KRUENG,1
302,2024-23,SAMALANGA,2
303,2024-23,SYAMTALIRA ARON,2
304,2024-23,TANAH LUAS,2
305,2024-23,TIMANG GAJAH,1
306,2024-23,WIH PESAM,1
307,2024-24,BAKTIYA,1
308,2024-24,BAKTIYA BARAT,1
309,2024-24,BANDA BARO,1
310,2024-24,BLANG MANGAT,2
311,2024-24,DEWANTARA,3
312,2024-24,GAJAH PUTIH,1
313,2024-24,JEUMPA,2
314,2024-24,JULI,4
315,2024-24,KEBAYAKAN,1
316,2024-24,KOTA JUANG,3
317,2024-24,MAKMUR,1
318,2024-24,MUARA BATU,5
319,2024-24,MUARA DUA,2
320,2024-24,PEUSANGAN,1
321,2024-24,SIMPANG MAMPLAM,2
322,2024-24,TANAH JAMBO AYE,1
323,2024-25,BUKIT,2
324,2024-25,DEWANTARA,4
325,2024-25,JULI,2
326,2024-25,KUALA,1
327,2024-25,MAKMUR,2
328,2024-25,MATANGKULI,1
329,2024-25,MUARA DUA,9
330,2024-25,PEUDADA,2
331,2024-25,SIMPANG MAMPLAM,2
332,2024-25,SYAMTALIRA ARON,1
333,2024-25,WIH PESAM,1
334,2024-26,BEBESEN,2
335,2024-26,DEWANTARA,2
336,2024-26,GANDAPURA,3
337,2024-26,JEUMPA,2
338,2024-26,JEUNIEB,1
339,2024-26,JULI,3
340,2024-26,KOTA JUANG,1
341,2024-26,KUTA BLANG,1
342,2024-26,LHOKSUKON,1
343,2024-26,MATANGKULI,2
344,2024-26,MUARA DUA,2
345,2024-26,PEULIMBANG,1
346,2024-26,PINTU RIME GAYO,1
347,2024-26,SYAMTALIRA ARON,2
348,2024-26,TANAH JAMBO AYE,2
349,2024-26,TANAH LUAS,3
350,2024-27,BAKTIYA BARAT,2
351,2024-27,BLANG MANGAT,3
352,2024-27,GANDAPURA,3
353,2024-27,JANGKA,1
354,2024-27,KUTA MAKMUR,1
355,2024-27,LHOKSUKON,3
356,2024-27,MUARA BATU,6
357,2024-27,MUARA DUA,2
358,2024-27,NISAM ANTARA,4
359,2024-27,PEULIMBANG,3
360,2024-27,SAMALANGA,1
361,2024-27,TANAH LUAS,1
362,2024-28,BANDA SAKTI,1
363,2024-28,BEBESEN,2
364,2024-28,BUKIT,4
365,2024-28,DEWANTARA,5
366,2024-28,JEUMPA,1
367,2024-28,JEUNIEB,1
368,2024-28,KOTA JUANG,1
369,2024-28,MATANGKULI,2
370,2024-28,MUARA BATU,1
371,2024-28,MUARA DUA,1
372,2024-28,PEUDADA,5
373,2024-28,PEUSANGAN,2
374,2024-28,PEUSANGAN SIBLAH KRUENG,1
375,2024-28,SAWANG,4
376,2024-28,SEUNUDDON,1
377,2024-28,TANAH JAMBO AYE,2
378,2024-29,BAKTIYA,4
379,2024-29,BEBESEN,3
380,2024-29,BINTANG,1
381,2024-29,DEWANTARA,4
382,2024-29,GANDAPURA,1
383,2024-29,JAGONG JEGET,1
384,2024-29,JANGKA,1
385,2024-29,KUTA BLANG,1
386,2024-29,LHOKSUKON,1
387,2024-29,MUARA DUA,7
388,2024-29,PEUDADA,2
389,2024-29,SILIH NARA,3
390,2024-29,SYAMTALIRA ARON,2
391,2024-29,WIH PESAM,2
392,2024-30,BAKTIYA,1
393,2024-30,BANDA SAKTI,4
394,2024-30,KUALA,3
395,2024-30,LANGKAHAN,2
396,2024-30,LHOKSUKON,3
397,2024-30,PEUSANGAN,3
398,2024-30,SAMALANGA,2
399,2024-30,SYAMTALIRA ARON,1
400,2024-30,TANAH JAMBO AYE,1
401,2024-31,BANDA BARO,4
402,2024-31,BANDA SAKTI,2
403,2024-31,BUKIT,6
404,2024-31,GANDAPURA,3
405,2024-31,JAGONG JEGET,1
406,2024-31,JEUMPA,3
407,2024-31,KOTA JUANG,4
408,2024-31,KUTA BLANG,1
409,2024-31,LHOKSUKON,4
410,2024-31,SAMALANGA,1
411,2024-31,SAMUDERA,1
412,2024-31,SAWANG,3
413,2024-31,TANAH JAMBO AYE,1
414,2024-31,TANAH LUAS,1
415,2024-31,TIMANG GAJAH,1
416,2024-32,BIES,1
417,2024-32,BUKIT,1
418,2024-32,GAJAH PUTIH,2
419,2024-32,JEUMPA,1
420,2024-32,JEUNIEB,2
421,2024-32,JULI,1
422,2024-32,PEGASING,1
423,2024-32,PEUSANGAN SIBLAH KRUENG,1
424,2024-32,PINTU RIME GAYO,1
425,2024-32,SAMALANGA,1
426,2024-32,SAMUDERA,1
427,2024-32,SYAMTALIRA ARON,1
428,2024-32,SYAMTALIRA BAYU,8
429,2024-32,TANAH JAMBO AYE,2
430,2024-32,TIMANG GAJAH,1
431,2024-33,GANDAPURA,2
432,2024-33,JEUMPA,1
433,2024-33,JEUNIEB,1
434,2024-33,JULI,1
435,2024-33,KETOL,1
436,2024-33,KOTA JUANG,4
437,2024-33,KUTA BLANG,2
438,2024-33,LAPANG,1
439,2024-33,LHOKSUKON,2
440,2024-33,PEUDADA,2
441,2024-33,PEUSANGAN SELATAN,5
442,2024-33,PINTU RIME GAYO,2
443,2024-33,SAMALANGA,4
444,2024-33,SYAMTALIRA BAYU,2
445,2024-33,TANAH JAMBO AYE,1
446,2024-34,BANDA SAKTI,3
447,2024-34,GANDAPURA,2
448,2024-34,JEUMPA,3
449,2024-34,JEUNIEB,1
450,2024-34,JULI,3
451,2024-34,LHOKSUKON,3
452,2024-34,MUARA BATU,3
453,2024-34,PEGASING,1
454,2024-34,PEUDADA,4
455,2024-34,PEUSANGAN,2
456,2024-34,PINTU RIME GAYO,2
457,2024-34,SAMALANGA,3
458,2024-34,TANAH LUAS,2
459,2024-35,BLANG MANGAT,2
460,2024-35,DEWANTARA,3
461,2024-35,GAJAH PUTIH,1
462,2024-35,JEUMPA,2
463,2024-35,JULI,6
464,2024-35,KOTA JUANG,3
465,2024-35,MUARA BATU,3
466,2024-35,PEGASING,1
467,2024-35,PEULIMBANG,1
468,2024-35,PEUSANGAN,3
469,2024-35,SIMPANG MAMPLAM,4
470,2024-35,TANAH PASIR,2
471,2024-35,TIMANG GAJAH,2
472,2024-36,BAKTIYA,3
473,2024-36,BUKIT,1
474,2024-36,DEWANTARA,6
475,2024-36,GANDAPURA,2
476,2024-36,JEUNIEB,1
477,2024-36,JULI,2
478,2024-36,KEBAYAKAN,3
479,2024-36,LHOKSUKON,2
480,2024-36,MUARA DUA,2
481,2024-36,PAYA BAKONG,1
482,2024-36,PEGASING,1
483,2024-36,PEUDADA,3
484,2024-36,PINTU RIME GAYO,1
485,2024-36,SAMALANGA,1
486,2024-36,SAMUDERA,3
487,2024-36,SIMPANG MAMPLAM,1
488,2024-36,SYAMTALIRA ARON,2
489,2024-36,TANAH LUAS,1
490,2024-36,WIH PESAM,1
491,2024-37,BAKTIYA,1
492,2024-37,BAKTIYA BARAT,2
493,2024-37,BANDAR,2
494,2024-37,BEBESEN,1
495,2024-37,JEUNIEB,1
496,2024-37,JULI,5
497,2024-37,KEBAYAKAN,2
498,2024-37,KOTA JUANG,5
499,2024-37,MATANGKULI,1
500,2024-37,MUARA DUA,7
501,2024-37,SAWANG,1
502,2024-37,SEUNUDDON,1
503,2024-37,SIMPANG MAMPLAM,5
504,2024-37,SYAMTALIRA ARON,3
505,2024-37,TANAH JAMBO AYE,1
506,2024-37,TIMANG GAJAH,1
507,2024-37,WIH PESAM,3
508,2024-38,BAKTIYA,1
509,2024-38,BANDA SAKTI,2
510,2024-38,KEBAYAKAN,1
511,2024-38,KUTA BLANG,2
512,2024-38,KUTA MAKMUR,2
513,2024-38,PERMATA,1
514,2024-38,PEUSANGAN,2
515,2024-38,WIH PESAM,1
516,2024-39,BANDA SAKTI,1
517,2024-39,BEBESEN,4
518,2024-39,JEUMPA,2
519,2024-39,JEUNIEB,2
520,2024-39,KUTA BLANG,2
521,2024-39,LHOKSUKON,4
522,2024-39,MAKMUR,1
523,2024-39,PEGASING,2
524,2024-39,SILIH NARA,1
525,2024-39,SIMPANG MAMPLAM,1
526,2024-39,WIH PESAM,2
527,2024-40,BAKTIYA BARAT,1
528,2024-40,BUKIT,1
529,2024-40,GANDAPURA,1
530,2024-40,JEUNIEB,2
531,2024-40,JULI,1
532,2024-40,KEBAYAKAN,2
533,2024-40,KOTA JUANG,3
534,2024-40,LHOKSUKON,4
535,2024-40,MUARA DUA,2
536,2024-40,MUARA SATU,3
537,2024-40,PEUDADA,1
538,2024-40,PEUSANGAN,3
539,2024-40,WIH PESAM,1
540,2024-41,BAKTIYA,1
541,2024-41,BAKTIYA BARAT,1
542,2024-41,BEBESEN,2
543,2024-41,DEWANTARA,3
544,2024-41,JULI,1
545,2024-41,KUALA,3
546,2024-41,LAPANG,1
547,2024-41,MUARA DUA,4
548,2024-41,NISAM,2
549,2024-41,PINTU RIME GAYO,1
550,2024-42,BAKTIYA,1
551,2024-42,DEWANTARA,2
552,2024-42,JEUMPA,3
553,2024-42,JULI,7
554,2024-42,KOTA JUANG,1
555,2024-42,PEUDADA,1
556,2024-42,PEUSANGAN,2
557,2024-42,SEUNUDDON,1
558,2024-42,WIH PESAM,2
559,2024-43,ATU LINTANG,1
560,2024-43,BANDA SAKTI,5
561,2024-43,BUKIT,3
562,2024-43,CELALA,1
563,2024-43,GANDAPURA,1
564,2024-43,JEUMPA,3
565,2024-43,KUTA BLANG,1
566,2024-43,LHOKSUKON,4
567,2024-43,MAKMUR,1
568,2024-43,NISAM,5
569,2024-43,PEUSANGAN,2
570,2024-44,BAKTIYA,2
571,2024-44,BANDA SAKTI,1
572,2024-44,BLANG MANGAT,2
573,2024-44,KOTA JUANG,1
574,2024-44,KUTA BLANG,1
575,2024-44,MUARA BATU,4
576,2024-44,MUARA SATU,1
577,2024-44,PEUSANGAN,2
578,2024-44,PINTU RIME GAYO,1
579,2024-44,SAMALANGA,3
580,2024-44,SILIH NARA,3
581,2024-44,TANAH JAMBO AYE,1
582,2024-44,TANAH LUAS,2
583,2024-44,WIH PESAM,1
584,2024-45,BAKTIYA BARAT,1
585,2024-45,BLANG MANGAT,2
586,2024-45,JEUMPA,2
587,2024-45,KOTA JUANG,2
588,2024-45,MUARA SATU,6
589,2024-45,PANDRAH,1
590,2024-45,PEUDADA,4
591,2024-45,PEULIMBANG,1
592,2024-45,PEUSANGAN,7
593,2024-45,PINTU RIME GAYO,1
594,2024-45,SAMALANGA,1
595,2024-45,SAMUDERA,1
596,2024-45,SILIH NARA,1
597,2024-45,TANAH LUAS,3
598,2024-46,BAKTIYA,4
599,2024-46,BANDAR,3
600,2024-46,BUKIT,1
601,2024-46,JANGKA,1
602,2024-46,JEUMPA,2
603,2024-46,KEBAYAKAN,1
604,2024-46,LHOKSUKON,16
605,2024-46,LUT TAWAR,1
606,2024-46,MUARA BATU,4
607,2024-46,NISAM,3
608,2024-46,PEUSANGAN,1
609,2024-46,SAWANG,1
610,2024-46,TANAH JAMBO AYE,1
611,2024-47,BEBESEN,1
612,2024-47,BENER KELIPAH,2
613,2024-47,BIES,3
614,2024-47,GAJAH PUTIH,2
615,2024-47,JULI,1
616,2024-47,KOTA JUANG,4
617,2024-47,KUALA,1
618,2024-47,LHOKSUKON,3
619,2024-47,PEUSANGAN,1
620,2024-47,SAMALANGA,1
621,2024-47,TANAH JAMBO AYE,1
622,2024-47,TIMANG GAJAH,1
623,2024-47,WIH PESAM,1
624,2024-48,BAKTIYA,4
625,2024-48,BEBESEN,1
626,2024-48,DEWANTARA,3
627,2024-48,JULI,1
628,2024-48,KEBAYAKAN,1
629,2024-48,KOTA JUANG,2
630,2024-48,MAKMUR,3
631,2024-48,MUARA DUA,1
632,2024-48,PANDRAH,2
633,2024-48,PEUDADA,1
634,2024-48,PEULIMBANG,1
635,2024-48,PEUSANGAN,4
636,2024-48,SIMPANG MAMPLAM,2
637,2024-48,SYAMTALIRA ARON,1
638,2024-48,TANAH JAMBO AYE,2
639,2024-49,BEBESEN,3
640,2024-49,BLANG MANGAT,2
641,2024-49,JEUMPA,1
642,2024-49,JEUNIEB,2
643,2024-49,JULI,1
644,2024-49,KOTA JUANG,3
645,2024-49,KUTA MAKMUR,1
646,2024-49,LHOKSUKON,1
647,2024-49,MUARA DUA,7
648,2024-49,MUARA SATU,8
649,2024-49,PEGASING,5
650,2024-49,PEUDADA,2
651,2024-49,SIMPANG MAMPLAM,2
652,2024-49,SYAMTALIRA ARON,2
653,2024-50,CELALA,2
654,2024-50,JEUNIEB,4
655,2024-50,JULI,3
656,2024-50,LHOKSUKON,2
657,2024-50,PEGASING,3
658,2024-50,PEUDADA,2
659,2024-50,PEUSANGAN,7
660,2024-50,PINTU RIME GAYO,1
661,2024-50,SYAMTALIRA ARON,2
662,2024-50,WIH PESAM,1
663,2024-51,BAKTIYA,2
664,2024-51,BANDAR,2
665,2024-51,BUKIT,2
666,2024-51,DEWANTARA,1
667,2024-51,JEUMPA,3
668,2024-51,JEUNIEB,1
669,2024-51,KEBAYAKAN,1
670,2024-51,KOTA JUANG,3
671,2024-51,LANGKAHAN,1
672,2024-51,LHOKSUKON,4
673,2024-51,MUARA DUA,4
674,2024-51,PEUDADA,2
675,2024-51,PEUSANGAN SIBLAH KRUENG,2
676,2024-51,PINTU RIME GAYO,2
677,2024-51,SAMALANGA,1
678,2024-51,SYAMTALIRA ARON,2
679,2024-51,TANAH LUAS,1
680,2024-52,KOTA JUANG,1
681,2024-52,SILIH NARA,4
682,2024-52,SIMPANG MAMPLAM,1